{
	"ulid": "01JP525PZ4SFXKATAHR2C9VC14",
	"minTime": 1741694598413,
	"maxTime": 1741759200000,
	"stats": {
		"numSamples": 560,
		"numSeries": 20,
		"numChunks": 180
	},
	"compaction": {
		"level": 3,
		"sources": [
			"01JP2WG9V53M8JD78R71R5YXAY",
			"01JP33TY669CX8DXFYG1GT45Z3",
			"01JP3CC0DFCD8WCJQBWSG5SVHT",
			"01JP3J417YKX9YXDX8FQ82JTZ4",
			"01JP3TS2ESC8SMAVBRGEAZFQNX",
			"01JP3ZHRHBBJ1AQ0EABB0N3NRE",
			"01JP474H67GKJTWNNRB6311YHW",
			"01JP4FFYCSMTDQT12J5N4ZRF8H",
			"01JP4MYERKGK8JJ3D2QKVHTDRM"
		],
		"parents": [
			{
				"ulid": "01JP3TS2Y28ZHAKTA7XY5WY0PC",
				"minTime": 1741694598413,
				"maxTime": 1741716000000
			},
			{
				"ulid": "01JP4FFYRWZW1WRZEATS4HM2CA",
				"minTime": 1741716855021,
				"maxTime": 1741737600000
			},
			{
				"ulid": "01JP525PGS33KD0HKTGZ1XH9GQ",
				"minTime": 1741737986508,
				"maxTime": 1741759200000
			}
		]
	},
	"version": 1
}