{
	"ulid": "01JPJNHGV5MPB4QGECN4HVJ91B",
	"minTime": 1742148900524,
	"maxTime": 1742212800000,
	"stats": {
		"numSamples": 580,
		"numSeries": 20,
		"numChunks": 180
	},
	"compaction": {
		"level": 3,
		"sources": [
			"01JPGD4ZWZWB0D4NH770EP9SE6",
			"01JPGKRD73MWZSKJE07YRZB6P3",
			"01JPGW7CD6DYNG17V2FHS30ZVY",
			"01JPH2T11NFP8GQW815PV9TVSV",
			"01JPH9PRMEMF14BN2V36G58FA7",
			"01JPHFFDK72C1P2W41ACRNV404",
			"01JPHPJG8Q433PP9YRDS7TX6HN",
			"01JPJ037F7KBS93GPW9A853STA",
			"01JPJ5QVKBWP0Z2K6Y7TGZ955N"
		],
		"parents": [
			{
				"ulid": "01JPH9PS0XMVC4HAA8ZT1GVWSF",
				"minTime": 1742148900524,
				"maxTime": 1742169600000
			},
			{
				"ulid": "01JPJ0385S1TGD3P0C8HG03H51",
				"minTime": 1742170896802,
				"maxTime": 1742191200000
			},
			{
				"ulid": "01JPJNHGCSH5XW2ZP3VZ4X6PZE",
				"minTime": 1742192297950,
				"maxTime": 1742212800000
			}
		]
	},
	"version": 1
}