{
	"ulid": "01JNSGFHRN24W7RHTWAC34PNES",
	"minTime": 1741305819903,
	"maxTime": 1741370400000,
	"stats": {
		"numSamples": 620,
		"numSeries": 20,
		"numChunks": 180
	},
	"compaction": {
		"level": 3,
		"sources": [
			"01JNQ90ZC6V0D4TBJQHZ2H6B0H",
			"01JNQHJAR96CKNVD7E93AF8WHR",
			"01JNQRMGVRSNP9269VPBQJR5B6",
			"01JNQZ9QF6SZNQDVDP88NWTX6W",
			"01JNR5SH7BQ3H2J75NJ5WE03FF",
			"01JNRCM7BM5ZKKXKVT7M1CBFA2",
			"01JNRK5QNH0F5VAW54GEP68RES",
			"01JNRVKGHKZJXSRDZ7R1BVGFP6",
			"01JNS27TDXY5NS6TZFK58ZN3FT"
		],
		"parents": [
			{
				"ulid": "01JNR5SHMYS1YJQE9P31ZXQRJ2",
				"minTime": 1741305819903,
				"maxTime": 1741327200000
			},
			{
				"ulid": "01JNRVKGXDFTBBEZHMJ3PP5C93",
				"minTime": 1741329156312,
				"maxTime": 1741348800000
			},
			{
				"ulid": "01JNSGFHA6WPSFTB82FVJN1D01",
				"minTime": 1741348979144,
				"maxTime": 1741370400000
			}
		]
	},
	"version": 1
}