{
	"ulid": "01JNXDHFYVGM9T6Z76BJ7X4VSX",
	"minTime": 1741435717339,
	"maxTime": 1741500000000,
	"stats": {
		"numSamples": 540,
		"numSeries": 20,
		"numChunks": 180
	},
	"compaction": {
		"level": 3,
		"sources": [
			"01JNV71328Q5GFXBMSA3W2707H",
			"01JNVCPFQ6GHQFPV6QY245MHPR",
			"01JNVN4JD5WA361EBBVV15PVBV",
			"01JNVVR0EJBWJ1D4FP833RKY3R",
			"01JNW2G5QZFGEB6JNZYPQX6BQJ",
			"01JNWC1EF9C5088PSC1SFTEEB1",
			"01JNWHKCNDTK2RFKQ5M62H62AW",
			"01JNWQF4TK5E5YAV406N8XF42F",
			"01JNWY5BD07WY4GFF4KDAK8NAJ"
		],
		"parents": [
			{
				"ulid": "01JNW2G67AYDJAF5SBB14CY343",
				"minTime": 1741435717339,
				"maxTime": 1741456800000
			},
			{
				"ulid": "01JNWQF56NCD2NZB7FQB306CDQ",
				"minTime": 1741457716282,
				"maxTime": 1741478400000
			},
			{
				"ulid": "01JNXDHFG8D5AMRCQ9N7HHS3NK",
				"minTime": 1741480541937,
				"maxTime": 1741500000000
			}
		]
	},
	"version": 1
}