{
	"ulid": "01JP172G61QEQ8M8JZ99ED79KV",
	"minTime": 1741565270057,
	"maxTime": 1741629600000,
	"stats": {
		"numSamples": 500,
		"numSeries": 20,
		"numChunks": 180
	},
	"compaction": {
		"level": 3,
		"sources": [
			"01JNZ1DJ5SSD2M4Z7E4S39MRXE",
			"01JNZAR3G4D9554M5K6BQ32983",
			"01JNZGF42KPT839FQ7A0HN7C62",
			"01JNZPY46ZFHGJA27N2BSNQWDB",
			"01JP00AMMXQ505YFGRWP1KQGDX",
			"01JP06RW5HY0ZHX3M731RZQNNV",
			"01JP0BD46KHG8Q26DV65FBHKGH",
			"01JP0H30RJ63MRC0HSRJBR2CXN",
			"01JP0TKF6GK2A5DA0W7NCP091A"
		],
		"parents": [
			{
				"ulid": "01JP00AN3T3BERGNZ8G3GCYHTT",
				"minTime": 1741565270057,
				"maxTime": 1741586400000
			},
			{
				"ulid": "01JP0H314DBS292NJGHEAE7NND",
				"minTime": 1741586959809,
				"maxTime": 1741608000000
			},
			{
				"ulid": "01JP1633QXFNC5CCAFTPZH19HB",
				"minTime": 1741609587348,
				"maxTime": 1741629600000
			}
		]
	},
	"version": 1
}