{
	"ulid": "01JPGKRE61AP7Q9Q7BFHTS7V18",
	"minTime": 1742084057487,
	"maxTime": 1742148000000,
	"stats": {
		"numSamples": 560,
		"numSeries": 20,
		"numChunks": 180
	},
	"compaction": {
		"level": 3,
		"sources": [
			"01JPEGBG1PFYH14M1Y2TZVXWA1",
			"01JPEQ0WR1AG3J0QPPK1PRZZXR",
			"01JPEXTTXQZFQ1TRG1MCZ1EHPF",
			"01JPF4E9ZSJVMFFC5DMDKJF11R",
			"01JPFB3KBKAHJFS4EBK9GMCYB2",
			"01JPFKF3QM3Y00HEZDGE0NWT9D",
			"01JPFT4DC2H68MJGJCV2KWX578",
			"01JPG0QKKG8635WC1F14Q8P5E7",
			"01JPG6FKGRSG7D3FVTJ668KW8A"
		],
		"parents": [
			{
				"ulid": "01JPFB3KTC3FG7C1XRHA3KMDTN",
				"minTime": 1742084057487,
				"maxTime": 1742104800000
			},
			{
				"ulid": "01JPG0QM0GPMR03PQBES68B1N7",
				"minTime": 1742105156092,
				"maxTime": 1742126400000
			},
			{
				"ulid": "01JPGKRDQW7GH3A0PKSA924Y3Y",
				"minTime": 1742128177560,
				"maxTime": 1742148000000
			}
		]
	},
	"version": 1
}