{
	"ulid": "01JNZAR4FD73A4Y9TR1VBZ8KV0",
	"minTime": 1741503053591,
	"maxTime": 1741564800000,
	"stats": {
		"numSamples": 400,
		"numSeries": 20,
		"numChunks": 180
	},
	"compaction": {
		"level": 3,
		"sources": [
			"01JNX7P5VGJR2SY828YGJ8AWZX",
			"01JNXDHF1D0M7WFQZFTKS7Y729",
			"01JNXKWF4DD219VE5NXBKMGMX6",
			"01JNXSGHGRW63KHB8VSCYE350M",
			"01JNXZ3WD9BEXBV0H35MTBRNPK",
			"01JNY6RRQ6EFFAJBYB11VDFZGT",
			"01JNYFEXE8HQ3Z9W8C8MTFHXW8",
			"01JNYP261RE0MS6FKTEY7FCXNH",
			"01JNYTXMSA4REW9Q1573MN6RBC"
		],
		"parents": [
			{
				"ulid": "01JNXZ3WTCE7PB71CMY4GD5A3B",
				"minTime": 1741503053591,
				"maxTime": 1741521600000
			},
			{
				"ulid": "01JNYP26HHFB64C99SAAG5A4GM",
				"minTime": 1741522779169,
				"maxTime": 1741543200000
			},
			{
				"ulid": "01JNZAR3YVWMTJ9YWZSATDNBPX",
				"minTime": 1741545241007,
				"maxTime": 1741564800000
			}
		]
	},
	"version": 1
}