{
	"ulid": "01JP6YXW5VY6YX130J3PBG30XT",
	"minTime": 1741759707534,
	"maxTime": 1741824000000,
	"stats": {
		"numSamples": 8260,
		"numSeries": 20,
		"numChunks": 203
	},
	"compaction": {
		"level": 3,
		"sources": [
			"01JP4VJ8VW50QAVTYF8DG8A0SD",
			"01JP525P01QHFH5HWTP28KMGWF",
			"01JP5ANR9EXGE3DJ5C5YM1J8FR",
			"01JP5G7CZR7SEZRB9G3GBVZN4A",
			"01JP5NV56M7RM4M666CHVFNX1G",
			"01JP5Z67521VBEDHCFG2KE1S0B",
			"01JP64V269FQTEJPWMD40HCZ3Y",
			"01JP69FYD9M5N7G0WEN1GPH76Z",
			"01JP6H75R5SVNDP79ZF0A12XZQ"
		],
		"parents": [
			{
				"ulid": "01JP5NV5JRBMR0G3AZVHV7JSP2",
				"minTime": 1741759707534,
				"maxTime": 1741780800000
			},
			{
				"ulid": "01JP69FYVFRHWKPF94TSBQK5J6",
				"minTime": 1741782103645,
				"maxTime": 1741802400000
			},
			{
				"ulid": "01JP6YXVPSD8HTHQ71Z31TYXRJ",
				"minTime": 1741802668592,
				"maxTime": 1741824000000
			}
		]
	},
	"version": 1
}