{
	"ulid": "01JNVCPGJKK43ADPDZH10GJWE7",
	"minTime": 1741371753536,
	"maxTime": 1741435200000,
	"stats": {
		"numSamples": 620,
		"numSeries": 20,
		"numChunks": 180
	},
	"compaction": {
		"level": 3,
		"sources": [
			"01JNS7X93D299J6XCRHZQS5QQM",
			"01JNSGFGV5R5JDDQ4G4PA0XX1J",
			"01JNSP4PZX475KENH5SDHW23RV",
			"01JNSYH1P4PT9DRETWG4TCFXH6",
			"01JNT3BK14ZB3TX84QDE3GZ8E9",
			"01JNTAPATBVGPZF4M7AREYZJAD",
			"01JNTH3TZ8N40E6P0AMREVZ1SE",
			"01JNTTGHQ4T7XEFY95YZH4P63V",
			"01JNTY9GN5NXRA6ZGNDJW8M61G"
		],
		"parents": [
			{
				"ulid": "01JNT3BKE6HP0R28QKKFYHY63N",
				"minTime": 1741371753536,
				"maxTime": 1741392000000
			},
			{
				"ulid": "01JNTTGJ660C5P6MSNH0H14DHN",
				"minTime": 1741393677937,
				"maxTime": 1741413600000
			},
			{
				"ulid": "01JNVCPG3XMBJTZEH434V9ADMK",
				"minTime": 1741414382889,
				"maxTime": 1741435200000
			}
		]
	},
	"version": 1
}