{
	"ulid": "01JNNK2XXQ0FJSQ82695W419SY",
	"minTime": 1741176249597,
	"maxTime": 1741240800000,
	"stats": {
		"numSamples": 580,
		"numSeries": 20,
		"numChunks": 180
	},
	"compaction": {
		"level": 3,
		"sources": [
			"01JNKEBSE9JFFJ8JV5V18ZKXJ1",
			"01JNKQXM5EN9YYQ9NBEQPWS5JZ",
			"01JNKWJKK9E007YZDXCE35B2FY",
			"01JNM3BC0062STMTPYATHWEQNS",
			"01JNMA386GX4H0GJP41FNSRKQG",
			"01JNMGQD631TVTYDX0K5X9NXQW",
			"01JNMRG7C3NAKF0D669GQSPDTJ",
			"01JNMZ399FEWMWNGGQCPKQCF10",
			"01JNN5W10CF7FCCTM2076ZEH6H"
		],
		"parents": [
			{
				"ulid": "01JNMA38MXNEE3PKZ2GRSS6P85",
				"minTime": 1741176249597,
				"maxTime": 1741197600000
			},
			{
				"ulid": "01JNMZ39NB92RA17R2JQA43NBN",
				"minTime": 1741198119076,
				"maxTime": 1741219200000
			},
			{
				"ulid": "01JNNK2XFES1ZSDCDJ45X6SZJF",
				"minTime": 1741220529727,
				"maxTime": 1741240800000
			}
		]
	},
	"version": 1
}