{
	"ulid": "01JPPF72PKXQAYKE6JKJ4HQ15B",
	"minTime": 1742280238497,
	"maxTime": 1742342400000,
	"stats": {
		"numSamples": 500,
		"numSeries": 20,
		"numChunks": 180
	},
	"compaction": {
		"level": 3,
		"sources": [
			"01JPMAWF9THC7SQHK95GHQ4JWE",
			"01JPMFT0BD1049RPB58CSYYEAD",
			"01JPMRWR1JM3APAGRZT1GNFA8P",
			"01JPMZ8DT6661FWDZ35G3X51YY",
			"01JPN3WTJXZH1EDEF5ABGAFHZA",
			"01JPNCCW1KHYK1F6RDSD5GENYF",
			"01JPNJ14ABTAHD1BR9KDBWSASH",
			"01JPNVF736KXBD5E2QF6RBGJCC",
			"01JPP12MV6PT5BJW1W37XRZ1HP"
		],
		"parents": [
			{
				"ulid": "01JPN3WTZE0SPEA0ARK0HWJQES",
				"minTime": 1742280238497,
				"maxTime": 1742299200000
			},
			{
				"ulid": "01JPNVF7HRK1VHM39XSB4TTPYF",
				"minTime": 1742299454964,
				"maxTime": 1742320800000
			},
			{
				"ulid": "01JPPF7283WVBBRQJPDTE6FT48",
				"minTime": 1742320956854,
				"maxTime": 1742342400000
			}
		]
	},
	"version": 1
}