{
	"ulid": "01JP8X22QB01WMEV9TMBMWNH98",
	"minTime": 1741824004901,
	"maxTime": 1741888800000,
	"stats": {
		"numSamples": 18620,
		"numSeries": 20,
		"numChunks": 301
	},
	"compaction": {
		"level": 3,
		"sources": [
			"01JP6Q8D0M0YXZCPDB1J7SWQVP",
			"01JP6YXVB0C469J15FCKRRZ42P",
			"01JP75TN9QN31SMWV5RPY3XGJA",
			"01JP7C4Q7TGVR0A6D7041X6SKE",
			"01JP7JMHMG5Z21VQ2AJVGAAF9Z",
			"01JP7SW3SPJR0GV49GGPZVVVJ8",
			"01JP81K72JMC38P3A4Y4C4E88N",
			"01JP888ZKPAADGYVBVZHY5T4ES",
			"01JP8FQW6C66RK49REXYWD7K2K"
		],
		"parents": [
			{
				"ulid": "01JP7JMJ2MCYCMRRM1J2JQGF1P",
				"minTime": 1741824004901,
				"maxTime": 1741845600000
			},
			{
				"ulid": "01JP88900HRH3GW3PCS2D6K7KY",
				"minTime": 1741846052091,
				"maxTime": 1741867200000
			},
			{
				"ulid": "01JP8W67RJC1DZWV3W3MPMW0JA",
				"minTime": 1741867207329,
				"maxTime": 1741888800000
			}
		]
	},
	"version": 1
}