{
	"ulid": "01JP33TZ0D7PFX28FBKRCF2A6S",
	"minTime": 1741630153393,
	"maxTime": 1741694400000,
	"stats": {
		"numSamples": 520,
		"numSeries": 20,
		"numChunks": 180
	},
	"compaction": {
		"level": 3,
		"sources": [
			"01JP1053VSWWQ586TTBMYWNBZB",
			"01JP16337E065QAN0404RECZQ5",
			"01JP1FCS5HR717A0CQ58TPR697",
			"01JP1MZMHKGWRSA7QHDZ9M3KF3",
			"01JP1TVGQ4Q3J95ECZQBMN969A",
			"01JP24GZDB8A38HQQS6NEY6Y59",
			"01JP29Z109KB5MK00QG7Z4K2FX",
			"01JP2HCZ8QW7775BPTX5CXBM64",
			"01JP2PNYF99DQYMHD6D2JGKPBW"
		],
		"parents": [
			{
				"ulid": "01JP1TVH3184VTK41BGV4RJ5RF",
				"minTime": 1741630153393,
				"maxTime": 1741651200000
			},
			{
				"ulid": "01JP2HCZQX6EZRN3BX7X0VXJ88",
				"minTime": 1741652296867,
				"maxTime": 1741672800000
			},
			{
				"ulid": "01JP33TYJRTAFV6A3XVNQVMNAA",
				"minTime": 1741674960388,
				"maxTime": 1741694400000
			}
		]
	},
	"version": 1
}