{
	"ulid": "01JPCRSY5JHF1VJGBV7W8EEXCY",
	"minTime": 1741954253773,
	"maxTime": 1742018400000,
	"stats": {
		"numSamples": 780,
		"numSeries": 20,
		"numChunks": 180
	},
	"compaction": {
		"level": 3,
		"sources": [
			"01JPAMVB3E54FQJ9ZH1HEF6YNX",
			"01JPASR5GKJASKGRN0X8RSCBXE",
			"01JPB1YQFGZH6TD638D56K0J07",
			"01JPB9QCPNJEN5KB8WX0FZ8ERZ",
			"01JPBG2ABVWAQGN49YGRNQJVD9",
			"01JPBRPC1JNE78MJPQH288TX78",
			"01JPBZ1XBZXRGM40FGXVG5RYA3",
			"01JPC5T5SXHYCWFK0P2Z901F1N",
			"01JPCBHX1V18RNEHFREZPKY5XH"
		],
		"parents": [
			{
				"ulid": "01JPBG2AV42YJNJ3V55JE9484M",
				"minTime": 1741954253773,
				"maxTime": 1741975200000
			},
			{
				"ulid": "01JPC5T65SWR555XWB8D6J4XGX",
				"minTime": 1741976265348,
				"maxTime": 1741996800000
			},
			{
				"ulid": "01JPCRSXQ1APHX3Y1ZPQY1JMQW",
				"minTime": 1741997282092,
				"maxTime": 1742018400000
			}
		]
	},
	"version": 1
}