{
	"ulid": "01JPMFT1877CKJ0K5SKN29976Y",
	"minTime": 1742213324256,
	"maxTime": 1742277600000,
	"stats": {
		"numSamples": 560,
		"numSeries": 20,
		"numChunks": 180
	},
	"compaction": {
		"level": 3,
		"sources": [
			"01JPJC9WZDMCMT193PP21C12EN",
			"01JPJNHFZVPPBXTPGECC89XS9D",
			"01JPJTAHK2E26RJJVV2MS4NAPH",
			"01JPK2953RX9NQZBYGY73E736V",
			"01JPK8XH4J8S117C2766G3TW56",
			"01JPKD2DP514EWFB8Y397PHASJ",
			"01JPKNDMHRMYSYWVGA3F9MZQDC",
			"01JPKWASJGWZ3XRY3K1AFXBJ3X",
			"01JPM3B51B7K89F6D08GFQGGEW"
		],
		"parents": [
			{
				"ulid": "01JPK8XHKGK4YF0EYHMRRF1E2K",
				"minTime": 1742213324256,
				"maxTime": 1742234400000
			},
			{
				"ulid": "01JPKWAT04GPP8DTWVD1MFANBV",
				"minTime": 1742235811832,
				"maxTime": 1742256000000
			},
			{
				"ulid": "01JPMFT0T0EG05GKFTEYV0BBWP",
				"minTime": 1742256129160,
				"maxTime": 1742277600000
			}
		]
	},
	"version": 1
}