{
	"ulid": "01JPRBZGFNZEPT7RNHG9EEN1X5",
	"minTime": 1742342691713,
	"maxTime": 1742407200000,
	"stats": {
		"numSamples": 11160,
		"numSeries": 20,
		"numChunks": 241
	},
	"compaction": {
		"level": 3,
		"sources": [
			"01JPP7JXH7D4PQ932BEHVZ34P7",
			"01JPPF71WGXEHERWY22MVCVG1Y",
			"01JPPN4BDZXTSG1B25W83MHWP9",
			"01JPPVE7DBFWFGDQY39DPYDCGZ",
			"01JPQ2MPTAKJGCK51MD3W4YXR9",
			"01JPQ8ZX2A65G9EH6E9X2A9WV8",
			"01JPQF208G3VKHKXKYBVD8FR5N",
			"01JPQNZ5N1W0P2B6Y6RMGNPZ6M",
			"01JPQYYZK46SATCBM8X6MT7JRY"
		],
		"parents": [
			{
				"ulid": "01JPQ2MQ8QFTGBJP4KFSN15XMW",
				"minTime": 1742342691713,
				"maxTime": 1742364000000
			},
			{
				"ulid": "01JPQNZ61VH8RBAP9RH1SWEXYN",
				"minTime": 1742365404961,
				"maxTime": 1742385600000
			},
			{
				"ulid": "01JPRBZG1VHK6JTRGZQ6QV7RAN",
				"minTime": 1742385800936,
				"maxTime": 1742407200000
			}
		]
	},
	"version": 1
}