{
	"ulid": "01JPEQ0XJY93K11998GYXMK4XV",
	"minTime": 1742019896774,
	"maxTime": 1742083200000,
	"stats": {
		"numSamples": 560,
		"numSeries": 20,
		"numChunks": 180
	},
	"compaction": {
		"level": 3,
		"sources": [
			"01JPCJ21F7AG57SM77RHP8YV84",
			"01JPCRSX8DDJVNXFA5YVWPPNBB",
			"01JPCZ8VDJRT68JVQQP06H2S29",
			"01JPD6Q0N7A3TSQT0X99X5ZA4J",
			"01JPDCFDQ01313NS228GK8FBBJ",
			"01JPDMYK4HNCWW92T2JC4MT25A",
			"01JPDWA58GBGVE07GTDJXAJ2QH",
			"01JPE2VVSS557M99C539T6HP5T",
			"01JPE9G18Y3AWWNBV3E9TEDNRT"
		],
		"parents": [
			{
				"ulid": "01JPDCFE4KK5V87SK4X9GVJXAG",
				"minTime": 1742019896774,
				"maxTime": 1742040000000
			},
			{
				"ulid": "01JPE2VW7W2BZW42HY0TB1VNJE",
				"minTime": 1742040885808,
				"maxTime": 1742061600000
			},
			{
				"ulid": "01JPEQ0X4D0GTMMHK2H1N58QJD",
				"minTime": 1742063513191,
				"maxTime": 1742083200000
			}
		]
	},
	"version": 1
}