{
	"ulid": "01JPASR6B5GRTQQ5Z3EHG62TYT",
	"minTime": 1741889336433,
	"maxTime": 1741953600000,
	"stats": {
		"numSamples": 580,
		"numSeries": 20,
		"numChunks": 180
	},
	"compaction": {
		"level": 3,
		"sources": [
			"01JP8PEMVR83V0TQWVWNZ6WN5B",
			"01JP8W677H2XNZNY5H0NS9PNTS",
			"01JP92TSYMB4QEMVHQ7PZDABYG",
			"01JP9BE0Q5RWZE1535H4E4B8QF",
			"01JP9J71B7PYHRF0KTEASMMSJV",
			"01JP9QVH9SSQ2RDPYC6CMZY5R4",
			"01JP9YH82RD6463KAVX701DC5V",
			"01JPA63VPV6MY6PD1XRZD2X8Y8",
			"01JPADGQ8KAV5WW1RZNER1YX90"
		],
		"parents": [
			{
				"ulid": "01JP9J71R3CD8CCGABB0DXYFM7",
				"minTime": 1741889336433,
				"maxTime": 1741910400000
			},
			{
				"ulid": "01JPA63W93SMBE0T56VGADBNVK",
				"minTime": 1741910604105,
				"maxTime": 1741932000000
			},
			{
				"ulid": "01JPASR5WVW1Y04H5W5KSQY01C",
				"minTime": 1741932197008,
				"maxTime": 1741953600000
			}
		]
	},
	"version": 1
}