{
	"ulid": "01JPTD556JAB0JBZ8W7GXB216C",
	"minTime": 1742407424846,
	"maxTime": 1742472000000,
	"stats": {
		"numSamples": 700,
		"numSeries": 20,
		"numChunks": 180
	},
	"compaction": {
		"level": 3,
		"sources": [
			"01JPR5GBB0TDRWS19F028XW783",
			"01JPRBZFK739NA6MEXSJFG7F4Z",
			"01JPRJGTEHD43HTAZVZDKVPWCG",
			"01JPRR9H2VBZGAEV2MZVGQM8GN",
			"01JPRYTYEYD3ZMTJ8X70TPTNC1",
			"01JPS649P0HGA007EA51JHFPRY",
			"01JPSFVFJ0TX7KV13HCX4YTGWF",
			"01JPSMH2JH4YRFW2VN8X2TKYTD",
			"01JPSX50RTB27CCADJGYRNYZ2Y"
		],
		"parents": [
			{
				"ulid": "01JPRYTYV1WZE6RAK3BK2YDWGF",
				"minTime": 1742407424846,
				"maxTime": 1742428800000
			},
			{
				"ulid": "01JPSMH315S22B414TDMGNK257",
				"minTime": 1742429026475,
				"maxTime": 1742450400000
			},
			{
				"ulid": "01JPTC78HKDR9NPXNEQWS35V69",
				"minTime": 1742450931764,
				"maxTime": 1742472000000
			}
		]
	},
	"version": 1
}