{
	"ulid": "01JNQHJBK321ES5WBHCM0G9SSF",
	"minTime": 1741241219989,
	"maxTime": 1741305600000,
	"stats": {
		"numSamples": 660,
		"numSeries": 20,
		"numChunks": 180
	},
	"compaction": {
		"level": 3,
		"sources": [
			"01JNNCGWJSKQNAWSRY7ZGWNYBQ",
			"01JNNJ5NA1YASQ568AJEV6F9C8",
			"01JNNTNNSK4P70D7ZRHCPVM7Y7",
			"01JNP1E7KT75CA029BJX6BA7KT",
			"01JNP83C7R1HRV734MXCX2B4C1",
			"01JNPENSKR5GF4V8TFGFRK05YC",
			"01JNPNDY1DPKXEX41JB8V95DD5",
			"01JNPWM5JCQD6RAA7E28105GF8",
			"01JNQ599E787KQ8Z816Z21PSF3"
		],
		"parents": [
			{
				"ulid": "01JNP83CN424J0DVR82BZFHDTA",
				"minTime": 1741241219989,
				"maxTime": 1741262400000
			},
			{
				"ulid": "01JNPWM60BXTYN8ZKJ2W4432N1",
				"minTime": 1741263995751,
				"maxTime": 1741284000000
			},
			{
				"ulid": "01JNQHJB48K647DCKJ560GBXG8",
				"minTime": 1741284103993,
				"maxTime": 1741305600000
			}
		]
	},
	"version": 1
}